lat,lon,Name,Adresse,Spots,
50.6799403,3.1184894,Perial 22 All. du Château Blanc WASQUEHAL/CHATEAU BLANC,22 All. du Château Blanc WASQUEHAL/CHATEAU BLANC, 0,lat,lon,Name,Adresse,Spots,
50.728592,1.642878,Perial Rue du Mont Joie - ZAC DE LA MONTJOIE SAINT MARTIN BOULOGNE SAINT MARTIN BOULOGNE,Rue du Mont Joie - ZAC DE LA MONTJOIE SAINT MARTIN BOULOGNE SAINT MARTIN BOULOGNE, 69,lat,lon,Name,Adresse,Spots,
43.7101728,7.2619532,Perial 455 PROMENADE DES ANGLAIS NICE/AEROPOLE - PROMENADE,455 PROMENADE DES ANGLAIS NICE/AEROPOLE - PROMENADE, 80,lat,lon,Name,Adresse,Spots,
43.6716598,7.2236511,Perial 47 boulevard René cassin NICE / CASSIN / Burosud,47 boulevard René cassin NICE / CASSIN / Burosud, 2,lat,lon,Name,Adresse,Spots,
39.1232253,-122.848327,Perial 266 AV DE LA CALIFORNIE NICE CALIFORNIE,266 AV DE LA CALIFORNIE NICE CALIFORNIE, 27,lat,lon,Name,Adresse,Spots,
43.609318,7.022316,Perial 1198 AVENUE DU DOCTEUR MAURICE DONAT MOUGINS / FONT DE L'ORME,1198 AVENUE DU DOCTEUR MAURICE DONAT MOUGINS / FONT DE L'ORME, 48,lat,lon,Name,Adresse,Spots,
43.6227146,7.0619003,Perial 485 ROUTE DU PIN MONTARD BIOT/LES ESPACES RENARD ,485 ROUTE DU PIN MONTARD BIOT/LES ESPACES RENARD , 579,lat,lon,Name,Adresse,Spots,
43.6233755,7.0702225,Perial 950 AVENUE DE ROUMANILLE BIOT / E GOLF PARK - BAT A,950 AVENUE DE ROUMANILLE BIOT / E GOLF PARK - BAT A, 66,lat,lon,Name,Adresse,Spots,
43.6244762,7.0543296,Perial 310 RUE DU VALLON VALBONNE/IMMEUBLE L'ATLAS -LES BOUILLIDES ,310 RUE DU VALLON VALBONNE/IMMEUBLE L'ATLAS -LES BOUILLIDES , 12,lat,lon,Name,Adresse,Spots,
43.6267886,7.0505804,Perial 2455 ROUTE DES DOLINES VALBONNE/GAIA 3,2455 ROUTE DES DOLINES VALBONNE/GAIA 3, 11,lat,lon,Name,Adresse,Spots,
43.6006401,7.0931293,Perial 2203 Chemin Saint Claude ANTIBES -  LE CHORUS,2203 Chemin Saint Claude ANTIBES -  LE CHORUS, 43,lat,lon,Name,Adresse,Spots,
43.1659347,2.9893147,Perial 18 Av. du Quatourze NARBONNE - AUBERT,18 Av. du Quatourze NARBONNE - AUBERT, 1,lat,lon,Name,Adresse,Spots,
43.2940515,5.378226,Perial 19 / 23 / 25 RUE SAINT FERREOL MARSEILLE - SAINT FERREOL,19 / 23 / 25 RUE SAINT FERREOL MARSEILLE - SAINT FERREOL, 29,lat,lon,Name,Adresse,Spots,
43.3059078,5.3678372,Perial 2/4  PLACE D'ARVIEUX MARSEILLE/GAYMARD,2/4  PLACE D'ARVIEUX MARSEILLE/GAYMARD, 8,lat,lon,Name,Adresse,Spots,
43.3036015,5.3652067,Perial 112 BOULEVARD DES DAMES MARSEILLE / JOLIETTES,112 BOULEVARD DES DAMES MARSEILLE / JOLIETTES, 1,lat,lon,Name,Adresse,Spots,
43.3067822,5.3681658,Perial 40 BOULEVARD DE DUNKERQUE MARSEILLE / TOTEM,40 BOULEVARD DE DUNKERQUE MARSEILLE / TOTEM, 74,lat,lon,Name,Adresse,Spots,
43.2914631,5.4735015,Perial 8 TRAVERSE DE LA MONTRE MARSEILLE/LA MONTRE,8 TRAVERSE DE LA MONTRE MARSEILLE/LA MONTRE, ,lat,lon,Name,Adresse,Spots,
43.5233313,5.4327188,Perial 2 RUE LE CORBUSIER AIX/CENTRAIX,2 RUE LE CORBUSIER AIX/CENTRAIX, 63,lat,lon,Name,Adresse,Spots,
43.474391,5.3743668,Perial 595 RUE PIERRE BERTHIER AIX/ROCHER SAINT HILAIRE,595 RUE PIERRE BERTHIER AIX/ROCHER SAINT HILAIRE, 34,lat,lon,Name,Adresse,Spots,
43.4771743,5.3748737,Perial 595 RUE PIERRE BERTHIER AIX/DOMAINE DE SAINT HILAIRE,595 RUE PIERRE BERTHIER AIX/DOMAINE DE SAINT HILAIRE, 1,lat,lon,Name,Adresse,Spots,
43.406388,4.984172,Perial 32 Rue Charles Nedelec PORT DE BOUC - CUBE,32 Rue Charles Nedelec PORT DE BOUC - CUBE, 1,lat,lon,Name,Adresse,Spots,
43.492424,5.5227532,Perial 11 Route de Valbrillant AIX / EUROPARC MEYREUIL,11 Route de Valbrillant AIX / EUROPARC MEYREUIL, 23,lat,lon,Name,Adresse,Spots,
42.7099216,2.9104174,Perial 355 Avenue Louis de BROGLIE AIX / LE TRITIUM BAT A ,355 Avenue Louis de BROGLIE AIX / LE TRITIUM BAT A , 16,lat,lon,Name,Adresse,Spots,
42.7099216,2.9104174,Perial 355 Avenue Louis de BROGLIE AIX / LE TRITIUM BAT C PFOP ,355 Avenue Louis de BROGLIE AIX / LE TRITIUM BAT C PFOP , 34,lat,lon,Name,Adresse,Spots,
43.5836759,1.4024972,Perial 150 Rue Nicolas Louis Vauquelin TOULOUSE/BUROPOLIS,150 Rue Nicolas Louis Vauquelin TOULOUSE/BUROPOLIS, 6,lat,lon,Name,Adresse,Spots,
43.6036883,1.3631673,Perial 1 RUE DU PROFESSEUR VELLAS TOULOUSE/ST MARTIN DU TOUCH B7,1 RUE DU PROFESSEUR VELLAS TOULOUSE/ST MARTIN DU TOUCH B7, 48,lat,lon,Name,Adresse,Spots,
43.6139339,1.4300979,Perial 56 BOULEVARD DE L'EMBOUCHURE TOULOUSE/CENTRAL PARC,56 BOULEVARD DE L'EMBOUCHURE TOULOUSE/CENTRAL PARC, 4,lat,lon,Name,Adresse,Spots,
43.602896,1.3645807,Perial 13 RUE MARIE LOUISE DISSARD TOULOUSE/ARC EN CIEL,13 RUE MARIE LOUISE DISSARD TOULOUSE/ARC EN CIEL, 763,lat,lon,Name,Adresse,Spots,
43.6130928,1.3451846,Perial 8AVENUE YVES BRUNAUD COLOMIERS/EOLIS 1,8AVENUE YVES BRUNAUD COLOMIERS/EOLIS 1, 81,lat,lon,Name,Adresse,Spots,
43.6130192,1.3455245,Perial 8 AVENUE YVES BRUNAUD COLOMIERS BAT A/PFO,8 AVENUE YVES BRUNAUD COLOMIERS BAT A/PFO, 1,lat,lon,Name,Adresse,Spots,
44.8416106,-0.5810938,Perial 1009 Av. Jean Gabriel Domergue BORDEAUX / Bureau Parc / DOMERGUE,1009 Av. Jean Gabriel Domergue BORDEAUX / Bureau Parc / DOMERGUE, 7,lat,lon,Name,Adresse,Spots,
44.865644,-0.5609939,Perial 124-134 Rue Lucien Faure BORDEAUX - LE SEMAPHORE,124-134 Rue Lucien Faure BORDEAUX - LE SEMAPHORE, 1,lat,lon,Name,Adresse,Spots,
44.8676117,-0.5630067,Perial 121/131 RUE LUCIEN FAURE BORDEAUX / CAP HORN,121/131 RUE LUCIEN FAURE BORDEAUX / CAP HORN, 16,lat,lon,Name,Adresse,Spots,
44.8330804,-0.6625218,Perial 23 Av. John Fitzgerald Kennedy MERIGNAC / KENNEDY,23 Av. John Fitzgerald Kennedy MERIGNAC / KENNEDY, 41,lat,lon,Name,Adresse,Spots,
44.8575349,-0.669952,Perial 8 RUE LAPLACE MERIGNAC / HELIOPOLIS BAT. 5 ,8 RUE LAPLACE MERIGNAC / HELIOPOLIS BAT. 5 , 13,lat,lon,Name,Adresse,Spots,
43.589984,3.8581416,Perial 170 RUE RAIMON DE TRENCAVEL MONTPELLIER / CLOS DES MUSES,170 RUE RAIMON DE TRENCAVEL MONTPELLIER / CLOS DES MUSES, ,lat,lon,Name,Adresse,Spots,
43.6178335,3.9145141,Perial 159 rue de Thor MONTPELLIER/BUSINESS PLAZA B1,159 rue de Thor MONTPELLIER/BUSINESS PLAZA B1, 11,lat,lon,Name,Adresse,Spots,
43.6180977,3.9190738,Perial 401 Rue du Walhalla MONTPELLIER LE MUSTANG ,401 Rue du Walhalla MONTPELLIER LE MUSTANG , 57,lat,lon,Name,Adresse,Spots,
43.6080069,3.8860959,Perial 1 place paul Bec MONTPELLIER / BEC / Les échelles de la ville,1 place paul Bec MONTPELLIER / BEC / Les échelles de la ville, ,lat,lon,Name,Adresse,Spots,
48.1029228,-1.6776607,Perial 28 Boulevard du Colombier RENNES / URBAN QUARTZ ,28 Boulevard du Colombier RENNES / URBAN QUARTZ , 2,lat,lon,Name,Adresse,Spots,
48.108296,-1.6655726,Perial 5 BOULEVARD LAENNEC RENNES/LAENNEC,5 BOULEVARD LAENNEC RENNES/LAENNEC, ,lat,lon,Name,Adresse,Spots,
45.2046535,5.7020248,Perial 32 ET 60 RUE DES BERGES GRENOBLE/POLYTEC,32 ET 60 RUE DES BERGES GRENOBLE/POLYTEC, 74,lat,lon,Name,Adresse,Spots,
45.2055988,5.7019511,Perial 40 rue des Berges GRENOBLE LE SIROCCO,40 rue des Berges GRENOBLE LE SIROCCO, 10,lat,lon,Name,Adresse,Spots,
45.265292,5.876628,Perial 190 Chem. des Fontaines GRENOBLE / BERNIN / PARC FONT.,190 Chem. des Fontaines GRENOBLE / BERNIN / PARC FONT., 99,lat,lon,Name,Adresse,Spots,
45.213954,5.8062742,Perial 180 avenue de l'Europe MONTBONNOT / LE SUN,180 avenue de l'Europe MONTBONNOT / LE SUN, 38,lat,lon,Name,Adresse,Spots,
47.218371,-1.553621,Perial 2 RUE RENE VIVIANI NANTES/VIVIANI,2 RUE RENE VIVIANI NANTES/VIVIANI, 27,lat,lon,Name,Adresse,Spots,
47.2073482,-1.5558616,Perial 2 TER QUAI FRANCOIS MITTERRAND NANTES/LE RHUYS ,2 TER QUAI FRANCOIS MITTERRAND NANTES/LE RHUYS , 9,lat,lon,Name,Adresse,Spots,
47.1561781,-1.5957991,Perial 1 RUE CHARLES LINDBERGH  NANTES/ bouguenais/Saint Aignan de Grand lieu,1 RUE CHARLES LINDBERGH  NANTES/ bouguenais/Saint Aignan de Grand lieu, 8,lat,lon,Name,Adresse,Spots,
47.2140295,-1.5466506,Perial 5 rue Emile Masson NANTES / VIZIO,5 rue Emile Masson NANTES / VIZIO, 3,lat,lon,Name,Adresse,Spots,
47.2039606,-1.568602,Perial 90 boulevard de la Prairie au Duc NANTES / ILINK,90 boulevard de la Prairie au Duc NANTES / ILINK, 6,lat,lon,Name,Adresse,Spots,
47.2225646,-1.6399658,Perial 2 RUE DU CHARRON  SAINT HERBLAIN/LE TERMINAL,2 RUE DU CHARRON  SAINT HERBLAIN/LE TERMINAL, 6,lat,lon,Name,Adresse,Spots,
47.2319667,-1.6265078,Perial 9 IMPASSE SERGE REGGIANI SAINT HERBLAIN / SUNSET BAT A,9 IMPASSE SERGE REGGIANI SAINT HERBLAIN / SUNSET BAT A, 5,lat,lon,Name,Adresse,Spots,
47.2319667,-1.6265078,Perial 9 IMPASSE SERGE REGGIANI SAINT HERBLAIN / SUNSET BAT B ,9 IMPASSE SERGE REGGIANI SAINT HERBLAIN / SUNSET BAT B , 8,lat,lon,Name,Adresse,Spots,
47.2266056,-1.6231477,Perial 1 IMPASSE CHARLES TRENET DAR ARMOR / SAINT HERBLAIN,1 IMPASSE CHARLES TRENET DAR ARMOR / SAINT HERBLAIN, 13,lat,lon,Name,Adresse,Spots,
51.0337675,2.3707016,Perial 19 RUE DES FUSILLIERS MARINS DUNKERQUE/POLE MARINE,19 RUE DES FUSILLIERS MARINS DUNKERQUE/POLE MARINE, 1,lat,lon,Name,Adresse,Spots,
50.6076194,3.1554657,Perial 1 AVENUE DE L'HORIZON  VILLENEUVE D'ASCQ,1 AVENUE DE L'HORIZON  VILLENEUVE D'ASCQ, 130,lat,lon,Name,Adresse,Spots,
48.5219631,7.7389749,Perial 200 Rue Jean-Dominique Cassini ILLKIRCH GRAFFENSTADEN EULER,200 Rue Jean-Dominique Cassini ILLKIRCH GRAFFENSTADEN EULER, 110,lat,lon,Name,Adresse,Spots,
48.5237456,7.7381289,Perial Boulevard sebastien brant ILLKIRCH/SEBASTIEN BRANT GAUSS,Boulevard sebastien brant ILLKIRCH/SEBASTIEN BRANT GAUSS, 5,lat,lon,Name,Adresse,Spots,
48.5229159,7.736516,Perial 1 Rue Jean-Dominique Cassini ILLKIRCH/LE THALES,1 Rue Jean-Dominique Cassini ILLKIRCH/LE THALES, 41,lat,lon,Name,Adresse,Spots,
45.7422606,4.8390172,Perial 20 RUE LORTET LYON / LORTET,20 RUE LORTET LYON / LORTET, 6,lat,lon,Name,Adresse,Spots,
45.7293391,4.8226312,Perial 12 / 14 rue Jonas Salk LYON / HALLE BORIE 2,12 / 14 rue Jonas Salk LYON / HALLE BORIE 2, 1,lat,lon,Name,Adresse,Spots,
45.7389409,4.8886742,Perial 60 Avenue Rockefeller LYON / ADENINE,60 Avenue Rockefeller LYON / ADENINE, 18,lat,lon,Name,Adresse,Spots,
45.764043,4.835659,Perial 25 - 27 - 29 rue Joannes Carret LYON / SOLAR WEST,25 - 27 - 29 rue Joannes Carret LYON / SOLAR WEST, 45,lat,lon,Name,Adresse,Spots,
45.7561409,4.8979389,Perial 61/63 AVENUE PAUL KRUGER VILLEURBANNE/L'ECHO ,61/63 AVENUE PAUL KRUGER VILLEURBANNE/L'ECHO , 11,lat,lon,Name,Adresse,Spots,
45.713996,4.9282786,Perial 117 ALLEE DES PARCS SAINT PRIEST/MYLAN,117 ALLEE DES PARCS SAINT PRIEST/MYLAN, 264,lat,lon,Name,Adresse,Spots,
45.713996,4.9282786,Perial 117 ALLEE DES PARCS SAINT PRIEST/ILENA PARK,117 ALLEE DES PARCS SAINT PRIEST/ILENA PARK, 64,lat,lon,Name,Adresse,Spots,
46.3079587,4.8293535,Perial 954 AV. DU MAL DE LATTRE DE TASSIGNY MACON ,954 AV. DU MAL DE LATTRE DE TASSIGNY MACON , ,lat,lon,Name,Adresse,Spots,
48.8823458,2.3308118,Perial 13 / 15 rue de Calais PARIS / CALAIS ,13 / 15 rue de Calais PARIS / CALAIS , 5,lat,lon,Name,Adresse,Spots,
48.8455208,2.2889215,Perial 61 - 63 RUE DES ENTREPRENEURS PARIS / ENTREPRE. 61,61 - 63 RUE DES ENTREPRENEURS PARIS / ENTREPRE. 61, ,lat,lon,Name,Adresse,Spots,
48.8820507,2.2888753,Perial 34-36 RUE GUERSANT SCI GUERSANT,34-36 RUE GUERSANT SCI GUERSANT, 13,lat,lon,Name,Adresse,Spots,
48.8577925,2.3977015,Perial 49 RUE BAGNOLET PARIS / BAGNOLET,49 RUE BAGNOLET PARIS / BAGNOLET, ,lat,lon,Name,Adresse,Spots,
49.4435261,1.0984309,Perial 156 BOULEVARD DE L'EUROPE ROUEN/LE POLARIS ,156 BOULEVARD DE L'EUROPE ROUEN/LE POLARIS , 20,lat,lon,Name,Adresse,Spots,
48.8364152,2.7112764,Perial 50 BOULEVARD ANTOINE GIROUST BUSSY SAINT GEORGES,50 BOULEVARD ANTOINE GIROUST BUSSY SAINT GEORGES, 46,lat,lon,Name,Adresse,Spots,
48.84432,2.788231,Perial 1 COURS DANUBE SERRIS GREENWICH ,1 COURS DANUBE SERRIS GREENWICH , 13,lat,lon,Name,Adresse,Spots,
48.7815839,2.2257742,Perial 1 BIS RUE DU PETIT CLAMART VELIZY/BT F/PETIT CLAMART,1 BIS RUE DU PETIT CLAMART VELIZY/BT F/PETIT CLAMART, 119,lat,lon,Name,Adresse,Spots,
48.7826049,2.2252142,Perial 1 RUE DU PETIT CLAMART VELIZY/BT D/PETIT CLAMART,1 RUE DU PETIT CLAMART VELIZY/BT D/PETIT CLAMART, 82,lat,lon,Name,Adresse,Spots,
48.7826049,2.2252142,Perial 1 RUE DU PETIT CLAMART VELIZY/BT G/PETIT CLAMART,1 RUE DU PETIT CLAMART VELIZY/BT G/PETIT CLAMART, 48,lat,lon,Name,Adresse,Spots,
48.7826049,2.2252142,Perial 1 RUE DU PETIT CLAMART VELIZY/BT B/PETIT CLAMART,1 RUE DU PETIT CLAMART VELIZY/BT B/PETIT CLAMART, 90,lat,lon,Name,Adresse,Spots,
48.7826049,2.2252142,Perial 1 RUE DU PETIT CLAMART VELIZY/BT A/PETIT CLAMART ,1 RUE DU PETIT CLAMART VELIZY/BT A/PETIT CLAMART , 86,lat,lon,Name,Adresse,Spots,
48.7833464,2.044135,Perial 23 RUE COLBERT  MONTIGNY LE B. / CAPRICORNE,23 RUE COLBERT  MONTIGNY LE B. / CAPRICORNE, 6,lat,lon,Name,Adresse,Spots,
48.7923947,2.0366556,Perial 6 RUE JEAN PIERRE TIMBAUD MONTIGNY/CAMPUS,6 RUE JEAN PIERRE TIMBAUD MONTIGNY/CAMPUS, 30,lat,lon,Name,Adresse,Spots,
48.7843895,2.0591544,Perial 1 RUE ARNOLD SCHOENBERG GUYANCOURT / LE GERSHWIN,1 RUE ARNOLD SCHOENBERG GUYANCOURT / LE GERSHWIN, 85,lat,lon,Name,Adresse,Spots,
48.7520971,1.9268326,Perial 16 Rue des Louveries COIGNIERES/PORTES DE CHEVREUSE ,16 Rue des Louveries COIGNIERES/PORTES DE CHEVREUSE , 8052,lat,lon,Name,Adresse,Spots,
48.7727856,2.1666556,Perial 21 Rue Albert Calmette JOUY EN JOSAS / LE CLOS DE LA MARE,21 Rue Albert Calmette JOUY EN JOSAS / LE CLOS DE LA MARE, 23,lat,lon,Name,Adresse,Spots,
48.7918894,1.976687,Perial 1 bis avenue Jean d'Alembert ELANCOURT BUROPLUS 3,1 bis avenue Jean d'Alembert ELANCOURT BUROPLUS 3, 13,lat,lon,Name,Adresse,Spots,
48.7959278,1.9676152,Perial 3 boulevard Jean Moulin ELANCOURT OMEGA PARC BAT 3,3 boulevard Jean Moulin ELANCOURT OMEGA PARC BAT 3, 18,lat,lon,Name,Adresse,Spots,
48.7959278,1.9676152,Perial 3 boulevard Jean Moulin ELANCOURT OMEGA PARC BAT 5,3 boulevard Jean Moulin ELANCOURT OMEGA PARC BAT 5, 4,lat,lon,Name,Adresse,Spots,
48.629828,2.441782,Perial QUARTIER DES EPINETTES EVRY / Communes / Epinettes,QUARTIER DES EPINETTES EVRY / Communes / Epinettes, 6,lat,lon,Name,Adresse,Spots,
48.629828,2.441782,Perial VILLA DES GLYCINES EVRY / Communes / Rochefort ,VILLA DES GLYCINES EVRY / Communes / Rochefort , 1,lat,lon,Name,Adresse,Spots,
48.697161,2.189617,Perial 86 Rue de Paris ORSAY PARC,86 Rue de Paris ORSAY PARC, 137,lat,lon,Name,Adresse,Spots,
48.8442397,2.2313775,Perial 19/21 RUE SAINT DENIS BOULOGNE / ST DENIS,19/21 RUE SAINT DENIS BOULOGNE / ST DENIS, 5,lat,lon,Name,Adresse,Spots,
48.838672,2.2496474,Perial 17-17 bis route de la Reine BOULOGNE ROUTE DE LA REINE,17-17 bis route de la Reine BOULOGNE ROUTE DE LA REINE, 12,lat,lon,Name,Adresse,Spots,
48.8334346,2.2515157,Perial 16-18 rue du Dôme BOULOGNE / LE DOME,16-18 rue du Dôme BOULOGNE / LE DOME, 6,lat,lon,Name,Adresse,Spots,
48.8363329,2.2350443,Perial 150 RUE GALLIENI BOULOGNE/GALLIENI,150 RUE GALLIENI BOULOGNE/GALLIENI, ,lat,lon,Name,Adresse,Spots,
48.9035194,2.3058033,Perial 9 ALLÉE JEAN PROUVE CLICHY \ ESPACE CLICHY - SIRIUS,9 ALLÉE JEAN PROUVE CLICHY \ ESPACE CLICHY - SIRIUS, 7,lat,lon,Name,Adresse,Spots,
48.8127935,2.3262658,Perial 109/111 Avenue Aristide Briand MONTROUGE/ARISTIDE BRIAND,109/111 Avenue Aristide Briand MONTROUGE/ARISTIDE BRIAND, 24,lat,lon,Name,Adresse,Spots,
48.8221099,2.2625653,Perial 8 rue Edouard Naud ISSY LES MOULINEAUX - CENOR,8 rue Edouard Naud ISSY LES MOULINEAUX - CENOR, ,lat,lon,Name,Adresse,Spots,
48.822649,2.2600255,Perial 139 rue Jean Jacques Rousseau ISSY LES MX - TECHNOPOLIS ,139 rue Jean Jacques Rousseau ISSY LES MX - TECHNOPOLIS , 93,lat,lon,Name,Adresse,Spots,
48.8722892,2.2297159,Perial 28 RUE PAGES SURESNES/PAGES,28 RUE PAGES SURESNES/PAGES, 12,lat,lon,Name,Adresse,Spots,
48.872593,2.2290475,Perial 13-17 rue Pagès SURESNES/HORIZON DEFENSE,13-17 rue Pagès SURESNES/HORIZON DEFENSE, ,lat,lon,Name,Adresse,Spots,
48.7625083,2.3103039,Perial 2/6 place du Général de Gaulle ANTONY/PARC 1,2/6 place du Général de Gaulle ANTONY/PARC 1, 51,lat,lon,Name,Adresse,Spots,
48.925525,2.293275,Perial 5 promenade des Bonnettes GENNEVILLIERS - BARBANNIERS,5 promenade des Bonnettes GENNEVILLIERS - BARBANNIERS, 40,lat,lon,Name,Adresse,Spots,
48.9190923,2.3116263,Perial 185 avenue des Grésillons GENNEVILLIERS/AYMING,185 avenue des Grésillons GENNEVILLIERS/AYMING, ,lat,lon,Name,Adresse,Spots,
48.817275,2.2977599,Perial 1 RUE AUGUSTINE VARIOT MALAKOFF / CAP SUD ,1 RUE AUGUSTINE VARIOT MALAKOFF / CAP SUD , 20,lat,lon,Name,Adresse,Spots,
48.7617269,2.2869874,Perial 31 à 49 avenue de la Division Leclerc CHATENAY-MALABRY/COMMERCES,31 à 49 avenue de la Division Leclerc CHATENAY-MALABRY/COMMERCES, 76,lat,lon,Name,Adresse,Spots,
48.7614185,2.2880181,Perial 31 - 49 avenue de la Division Leclerc CHATENAY-MALABRY/BUREAUX,31 - 49 avenue de la Division Leclerc CHATENAY-MALABRY/BUREAUX, 78,lat,lon,Name,Adresse,Spots,
48.8901012,2.2864788,Perial 45 RUE ANATOLE FRANCE LEVALLOIS / A.FRANCE ,45 RUE ANATOLE FRANCE LEVALLOIS / A.FRANCE , ,lat,lon,Name,Adresse,Spots,
48.8992373,2.2834792,Perial 44 AVENUE GEORGES POMPIDOU LEVALLOIS / LE WILSON,44 AVENUE GEORGES POMPIDOU LEVALLOIS / LE WILSON, 131,lat,lon,Name,Adresse,Spots,
48.8267849,2.2236018,Perial 1 avenue de la Cristallerie SEVRES/LA CRISTALLERIE,1 avenue de la Cristallerie SEVRES/LA CRISTALLERIE, ,lat,lon,Name,Adresse,Spots,
48.8259673,2.2267886,Perial 20 RUE TROYON SEVRES / TROYON / PF3 ,20 RUE TROYON SEVRES / TROYON / PF3 , ,lat,lon,Name,Adresse,Spots,
48.8259673,2.2267886,Perial 20 RUE TROYON SEVRES TROYON PFOP,20 RUE TROYON SEVRES TROYON PFOP, ,lat,lon,Name,Adresse,Spots,
48.7819059,2.3168289,Perial 63 AVENUE DU GENERAL LECLERC BOURG LA REINE / LE CENTRALIS,63 AVENUE DU GENERAL LECLERC BOURG LA REINE / LE CENTRALIS, 0,lat,lon,Name,Adresse,Spots,
48.8879168,2.1687595,Perial 9 avenue Edouard Belin RUEIL MALMAISON/BELIN,9 avenue Edouard Belin RUEIL MALMAISON/BELIN, ,lat,lon,Name,Adresse,Spots,
48.889508,2.172782,Perial 7 rue Henri Becquerel RUEIL MALMAISON / R COM,7 rue Henri Becquerel RUEIL MALMAISON / R COM, ,lat,lon,Name,Adresse,Spots,
48.9170059,2.3163383,Perial 2 rue Sarah Bernhardt ASNIERES / SEINE AVENUE,2 rue Sarah Bernhardt ASNIERES / SEINE AVENUE, 6,lat,lon,Name,Adresse,Spots,
48.8928987,2.2313682,Perial 32 PLACE RONDE PUTEAUX / VILLAGE 2,32 PLACE RONDE PUTEAUX / VILLAGE 2, 14,lat,lon,Name,Adresse,Spots,
48.8547934,2.4173093,Perial 270 rue de Paris MONTREUIL LA GRANDE PORTE,270 rue de Paris MONTREUIL LA GRANDE PORTE, ,lat,lon,Name,Adresse,Spots,
48.8612676,2.4449869,Perial 9-11 RUE DE ROSNY MONTREUIL LE TRYALIS,9-11 RUE DE ROSNY MONTREUIL LE TRYALIS, ,lat,lon,Name,Adresse,Spots,
48.866282,2.4181368,Perial 6/14 RUE SADI CARNOT BAGNOLET,6/14 RUE SADI CARNOT BAGNOLET, 3,lat,lon,Name,Adresse,Spots,
48.9211914,2.3438392,Perial 42 Bd de la Libération ETOILE PLEYEL 1,42 Bd de la Libération ETOILE PLEYEL 1, 19,lat,lon,Name,Adresse,Spots,
48.933767,2.373033,Perial 14 AVENUE DU DOCTEUR LAMAZE SAINT DENIS / B&B HOTEL,14 AVENUE DU DOCTEUR LAMAZE SAINT DENIS / B&B HOTEL, 61,lat,lon,Name,Adresse,Spots,
48.8575475,2.3513765,Perial 88/94 rue André Joineau PARIS/YVOIRE ,88/94 rue André Joineau PARIS/YVOIRE , ,lat,lon,Name,Adresse,Spots,
48.931899,2.4290203,Perial 53 AVENUE JEAN JAURES LE BOURGET - M²,53 AVENUE JEAN JAURES LE BOURGET - M², 62,lat,lon,Name,Adresse,Spots,
48.8012211,2.3289349,Perial 19 - 21 RUE DU 8 MAI 1945 ARCUEIL,19 - 21 RUE DU 8 MAI 1945 ARCUEIL, ,lat,lon,Name,Adresse,Spots,
48.8133403,2.3931288,Perial 19-21 RUE MAURICE GRANDCOING IVRY/GRANDCOING,19-21 RUE MAURICE GRANDCOING IVRY/GRANDCOING, ,lat,lon,Name,Adresse,Spots,
48.8202286,2.3958477,Perial 39 à 42 ter Quai Jean Compagnon IVRY/ATRIUM,39 à 42 ter Quai Jean Compagnon IVRY/ATRIUM, 34,lat,lon,Name,Adresse,Spots,
48.8144809,2.3784328,Perial 74 BisAvenue Maurice Thorez IVRY/MAURICE THOREZ,74 BisAvenue Maurice Thorez IVRY/MAURICE THOREZ, ,lat,lon,Name,Adresse,Spots,
48.8085951,2.3793617,Perial 1 RUE MICHELET IVRY  ,1 RUE MICHELET IVRY  , ,lat,lon,Name,Adresse,Spots,
48.8139297,2.4593609,Perial 1 PLACE DE TURENNE SAINT MAURICE/LE DUFY,1 PLACE DE TURENNE SAINT MAURICE/LE DUFY, ,lat,lon,Name,Adresse,Spots,
49.05098,2.0356841,Perial 12 AVENUE DES BEGUINES CERGY / CERVIER,12 AVENUE DES BEGUINES CERGY / CERVIER, 5,lat,lon,Name,Adresse,Spots,
48.9795119,2.5008136,Perial 69 RUE DE LA BELLE ETOILE ROISSY / BELLE ETOILE,69 RUE DE LA BELLE ETOILE ROISSY / BELLE ETOILE, 8,lat,lon,Name,Adresse,Spots,
48.7898717,2.0449962,Sodify 1 - 3 AVENUE DE WESTPHALIE MONTIGNY LE BRETONNEUX,1 - 3 AVENUE DE WESTPHALIE MONTIGNY LE BRETONNEUX, 25,lat,lon,Name,Adresse,Spots,
48.9028684,2.3120794,Sodify 137 RUE HENRI BARBUSSE CLICHY,137 RUE HENRI BARBUSSE CLICHY, 27,lat,lon,Name,Adresse,Spots,
48.8933169,2.2368487,Sodify LES COLLINES DE L'ARCHE PUTEAUX,LES COLLINES DE L'ARCHE PUTEAUX, 78,lat,lon,Name,Adresse,Spots,
48.8327215,2.2347599,Sodify 151-159 RUE DE SILLY BOULOGNE BILLANCOURT,151-159 RUE DE SILLY BOULOGNE BILLANCOURT, 24,lat,lon,Name,Adresse,Spots,
48.8901982,2.2321867,Sodify 16 RUE HOCHE PUTEAUX,16 RUE HOCHE PUTEAUX, 89,lat,lon,Name,Adresse,Spots,
48.837548,2.2357589,Sodify 62 BIS AVENUE ANDRE MORIZET BOULOGNE BILLANCOURT,62 BIS AVENUE ANDRE MORIZET BOULOGNE BILLANCOURT, 29,lat,lon,Name,Adresse,Spots,
44.882941,-0.5884523,Sodify LE TASTA - BOULEVARD DES EXPOSITIONS BRUGES,LE TASTA - BOULEVARD DES EXPOSITIONS BRUGES, 44,lat,lon,Name,Adresse,Spots,
44.8651804,-0.5746,Sodify 207 COURS DU MEDOC BORDEAUX,207 COURS DU MEDOC BORDEAUX, 70,lat,lon,Name,Adresse,Spots,
48.8275376,2.2833086,Sodify 2-4 RUE MAURICE HARTMANN ISSY LES MOULINEAUX,2-4 RUE MAURICE HARTMANN ISSY LES MOULINEAUX, 210,lat,lon,Name,Adresse,Spots,
48.8783411,2.2880588,Sodify 34-36 RUE BRUNEL,34-36 RUE BRUNEL, 30,lat,lon,Name,Adresse,Spots,
44.86399139,-0.5736748788,La Française 178 cours du Medoc Bordeaux,178 cours du Medoc Bordeaux, 36,lat,lon,Name,Adresse,Spots,
48.81552998,2.352437033,Kley 14 avenue Raspail Gentilly,14 avenue Raspail Gentilly, 50,lat,lon,Name,Adresse,Spots,
48.91779699,2.310506982,Kley 20 avenue de la paix Asnières-sur-Seine,20 avenue de la paix Asnières-sur-Seine, 30,lat,lon,Name,Adresse,Spots,
43.647644,1.42676, 10 impasse des Etats Unis, Toulouse,10 impasse des Etats Unis, Toulouse, 140,